Date,City,Temperature
01-01-2024,Mumbai,32
02-01-2024,Mumbai,29.4
03-01-2024,Mumbai,32.6
04-01-2024,Mumbai,36.1
05-01-2024,Mumbai,29.1
06-01-2024,Mumbai,29.1
07-01-2024,Mumbai,36.3
08-01-2024,Mumbai,33.1
09-01-2024,Mumbai,28.1
10-01-2024,Mumbai,32.2
11-01-2024,Mumbai,28.1
12-01-2024,Mumbai,28.1
13-01-2024,Mumbai,31
14-01-2024,Mumbai,22.3
15-01-2024,Mumbai,23.1
16-01-2024,Mumbai,27.8
17-01-2024,Mumbai,25.9
18-01-2024,Mumbai,31.3
19-01-2024,Mumbai,26.4
20-01-2024,Mumbai,24.4
21-01-2024,Mumbai,35.9
22-01-2024,Mumbai,29.1
23-01-2024,Mumbai,30.3
24-01-2024,Mumbai,24.3
25-01-2024,Mumbai,27.8
26-01-2024,Mumbai,30.4
27-01-2024,Mumbai,25.4
28-01-2024,Mumbai,31.5
29-01-2024,Mumbai,27.6
30-01-2024,Mumbai,28.8
31-01-2024,Mumbai,27.6
01-02-2024,Mumbai,37.4
02-02-2024,Mumbai,29.9
03-02-2024,Mumbai,25.8
04-02-2024,Mumbai,33.3
05-02-2024,Mumbai,25.1
06-02-2024,Mumbai,30.8
07-02-2024,Mumbai,22.2
08-02-2024,Mumbai,24.7
09-02-2024,Mumbai,30.8
10-02-2024,Mumbai,33
11-02-2024,Mumbai,30.7
12-02-2024,Mumbai,29.5
13-02-2024,Mumbai,28.8
14-02-2024,Mumbai,24.1
15-02-2024,Mumbai,27.1
16-02-2024,Mumbai,28.2
17-02-2024,Mumbai,34.2
18-02-2024,Mumbai,31.4
19-02-2024,Mumbai,22.9
20-02-2024,Mumbai,31.3
21-02-2024,Mumbai,28.5
22-02-2024,Mumbai,27.3
23-02-2024,Mumbai,32.4
24-02-2024,Mumbai,34.1
25-02-2024,Mumbai,33.7
26-02-2024,Mumbai,26.6
27-02-2024,Mumbai,28.8
28-02-2024,Mumbai,31.3
29-02-2024,Mumbai,33.9
01-03-2024,Mumbai,28.1
02-03-2024,Mumbai,29.3
03-03-2024,Mumbai,25.6
04-03-2024,Mumbai,25.2
05-03-2024,Mumbai,33.3
06-03-2024,Mumbai,35.4
07-03-2024,Mumbai,29.7
08-03-2024,Mumbai,34
09-03-2024,Mumbai,31.4
10-03-2024,Mumbai,27.4
11-03-2024,Mumbai,31.4
12-03-2024,Mumbai,36.2
13-03-2024,Mumbai,29.9
14-03-2024,Mumbai,36.3
15-03-2024,Mumbai,19.5
16-03-2024,Mumbai,33.3
17-03-2024,Mumbai,30.3
18-03-2024,Mumbai,28.8
19-03-2024,Mumbai,30.4
20-03-2024,Mumbai,22
21-03-2024,Mumbai,29.1
22-03-2024,Mumbai,31.4
23-03-2024,Mumbai,35.9
24-03-2024,Mumbai,27.9
25-03-2024,Mumbai,26.8
26-03-2024,Mumbai,28
27-03-2024,Mumbai,33.7
28-03-2024,Mumbai,31.3
29-03-2024,Mumbai,27.9
30-03-2024,Mumbai,32.1
31-03-2024,Mumbai,30.4
01-04-2024,Mumbai,33.9
02-04-2024,Mumbai,27.2
03-04-2024,Mumbai,28.7
04-04-2024,Mumbai,28.4
05-04-2024,Mumbai,24.1
06-04-2024,Mumbai,31.2
07-04-2024,Mumbai,31
08-04-2024,Mumbai,30
09-04-2024,Mumbai,29.1
10-04-2024,Mumbai,24.3
11-04-2024,Mumbai,28.3
12-04-2024,Mumbai,28.6
13-04-2024,Mumbai,26.8
14-04-2024,Mumbai,29.4
15-04-2024,Mumbai,31.6
16-04-2024,Mumbai,37.5
17-04-2024,Mumbai,30.7
18-04-2024,Mumbai,31
19-04-2024,Mumbai,29.7
20-04-2024,Mumbai,22.3
21-04-2024,Mumbai,29.9
22-04-2024,Mumbai,30.2
23-04-2024,Mumbai,39.9
24-04-2024,Mumbai,29.2
25-04-2024,Mumbai,31.2
26-04-2024,Mumbai,29.9
27-04-2024,Mumbai,25.3
28-04-2024,Mumbai,34.6
29-04-2024,Mumbai,33
30-04-2024,Mumbai,33.2
01-05-2024,Mumbai,26.4
02-05-2024,Mumbai,35.6
03-05-2024,Mumbai,24.4
04-05-2024,Mumbai,32.3
05-05-2024,Mumbai,38.8
06-05-2024,Mumbai,26
07-05-2024,Mumbai,27.7
08-05-2024,Mumbai,30.4
09-05-2024,Mumbai,28
10-05-2024,Mumbai,23.8
11-05-2024,Mumbai,30.3
12-05-2024,Mumbai,25.8
13-05-2024,Mumbai,31.9
14-05-2024,Mumbai,26.3
15-05-2024,Mumbai,36.2
16-05-2024,Mumbai,26.9
17-05-2024,Mumbai,28.7
18-05-2024,Mumbai,33.3
19-05-2024,Mumbai,25.1
20-05-2024,Mumbai,30.9
21-05-2024,Mumbai,35.2
22-05-2024,Mumbai,23.6
23-05-2024,Mumbai,30.7
24-05-2024,Mumbai,31
25-05-2024,Mumbai,33.1
26-05-2024,Mumbai,25.1
27-05-2024,Mumbai,24.7
28-05-2024,Mumbai,32.1
29-05-2024,Mumbai,31.2
30-05-2024,Mumbai,31
31-05-2024,Mumbai,31.4
01-06-2024,Mumbai,27.3
02-06-2024,Mumbai,30.9
03-06-2024,Mumbai,31.2
04-06-2024,Mumbai,27.1
05-06-2024,Mumbai,37.5
06-06-2024,Mumbai,31.9
07-06-2024,Mumbai,25.2
08-06-2024,Mumbai,32.6
09-06-2024,Mumbai,26.1
10-06-2024,Mumbai,33.1
11-06-2024,Mumbai,34.6
12-06-2024,Mumbai,26.7
13-06-2024,Mumbai,33.9
14-06-2024,Mumbai,31.7
15-06-2024,Mumbai,33.3
16-06-2024,Mumbai,37.6
17-06-2024,Mumbai,29
18-06-2024,Mumbai,27
19-06-2024,Mumbai,26.4
20-06-2024,Mumbai,26.7
21-06-2024,Mumbai,29.7
22-06-2024,Mumbai,31.4
23-06-2024,Mumbai,31.1
24-06-2024,Mumbai,33.3
25-06-2024,Mumbai,30.1
26-06-2024,Mumbai,35.8
27-06-2024,Mumbai,28.9
28-06-2024,Mumbai,40.9
29-06-2024,Mumbai,32.5
30-06-2024,Mumbai,26.6
01-07-2024,Mumbai,25.7
02-07-2024,Mumbai,31.9
03-07-2024,Mumbai,29.1
04-07-2024,Mumbai,32.9
05-07-2024,Mumbai,31.9
06-07-2024,Mumbai,29.7
07-07-2024,Mumbai,26.6
08-07-2024,Mumbai,23.9
09-07-2024,Mumbai,28.2
10-07-2024,Mumbai,33.4
11-07-2024,Mumbai,30.9
12-07-2024,Mumbai,25
13-07-2024,Mumbai,30.7
14-07-2024,Mumbai,31.5
15-07-2024,Mumbai,26.5
16-07-2024,Mumbai,30.6
17-07-2024,Mumbai,30.2
18-07-2024,Mumbai,25.4
19-07-2024,Mumbai,31.4
20-07-2024,Mumbai,32.2
21-07-2024,Mumbai,34.3
22-07-2024,Mumbai,34.2
23-07-2024,Mumbai,24.5
24-07-2024,Mumbai,26.2
25-07-2024,Mumbai,32.1
26-07-2024,Mumbai,32.1
27-07-2024,Mumbai,32.1
28-07-2024,Mumbai,45.4
29-07-2024,Mumbai,32.3
30-07-2024,Mumbai,34.5
31-07-2024,Mumbai,33.8
01-08-2024,Mumbai,32.6
02-08-2024,Mumbai,28.7
03-08-2024,Mumbai,33
04-08-2024,Mumbai,26.9
05-08-2024,Mumbai,29.1
06-08-2024,Mumbai,28.1
07-08-2024,Mumbai,30.3
08-08-2024,Mumbai,39.3
09-08-2024,Mumbai,22.5
10-08-2024,Mumbai,32.7
11-08-2024,Mumbai,23.5
12-08-2024,Mumbai,28.1
13-08-2024,Mumbai,34.4
14-08-2024,Mumbai,30.3
15-08-2024,Mumbai,25.7
16-08-2024,Mumbai,27.1
17-08-2024,Mumbai,32.7
18-08-2024,Mumbai,27.1
19-08-2024,Mumbai,30.9
20-08-2024,Mumbai,30.2
21-08-2024,Mumbai,27.4
22-08-2024,Mumbai,38.6
23-08-2024,Mumbai,32.5
24-08-2024,Mumbai,21.9
25-08-2024,Mumbai,30.7
26-08-2024,Mumbai,27.4
27-08-2024,Mumbai,33.4
28-08-2024,Mumbai,26.8
29-08-2024,Mumbai,29.5
30-08-2024,Mumbai,32
31-08-2024,Mumbai,33.5
01-09-2024,Mumbai,25.2
02-09-2024,Mumbai,28.7
03-09-2024,Mumbai,28.1
04-09-2024,Mumbai,27.4
05-09-2024,Mumbai,37.1
06-09-2024,Mumbai,31.6
07-09-2024,Mumbai,25
08-09-2024,Mumbai,33.7
09-09-2024,Mumbai,38.5
10-09-2024,Mumbai,34.1
11-09-2024,Mumbai,23.9
12-09-2024,Mumbai,28.1
13-09-2024,Mumbai,35.1
14-09-2024,Mumbai,27.2
15-09-2024,Mumbai,31.8
16-09-2024,Mumbai,33.1
17-09-2024,Mumbai,26.3
18-09-2024,Mumbai,29.8
19-09-2024,Mumbai,17
20-09-2024,Mumbai,25.9
21-09-2024,Mumbai,29
22-09-2024,Mumbai,25
23-09-2024,Mumbai,36.5
24-09-2024,Mumbai,24.3
25-09-2024,Mumbai,28.2
26-09-2024,Mumbai,30.5
27-09-2024,Mumbai,35.8
28-09-2024,Mumbai,24.3
29-09-2024,Mumbai,34.7
30-09-2024,Mumbai,30
01-10-2024,Mumbai,26.1
02-10-2024,Mumbai,31.8
03-10-2024,Mumbai,30.8
04-10-2024,Mumbai,27.6
05-10-2024,Mumbai,30.3
06-10-2024,Mumbai,28.5
07-10-2024,Mumbai,30.5
08-10-2024,Mumbai,32.6
09-10-2024,Mumbai,36.3
10-10-2024,Mumbai,25
11-10-2024,Mumbai,38.5
12-10-2024,Mumbai,22.2
13-10-2024,Mumbai,29.4
14-10-2024,Mumbai,32.4
15-10-2024,Mumbai,31.1
16-10-2024,Mumbai,27.5
17-10-2024,Mumbai,29.2
18-10-2024,Mumbai,28
19-10-2024,Mumbai,27.6
20-10-2024,Mumbai,33.4
21-10-2024,Mumbai,31.4
22-10-2024,Mumbai,27.2
23-10-2024,Mumbai,33.6
24-10-2024,Mumbai,31.2
25-10-2024,Mumbai,33.3
26-10-2024,Mumbai,32.5
27-10-2024,Mumbai,26.7
28-10-2024,Mumbai,27.8
29-10-2024,Mumbai,33
30-10-2024,Mumbai,32.4
31-10-2024,Mumbai,29.9
01-11-2024,Mumbai,30.5
02-11-2024,Mumbai,35.1
03-11-2024,Mumbai,27.6
04-11-2024,Mumbai,32.2
05-11-2024,Mumbai,29.2
06-11-2024,Mumbai,29.1
07-11-2024,Mumbai,34.4
08-11-2024,Mumbai,33.3
09-11-2024,Mumbai,33.3
10-11-2024,Mumbai,35.2
11-11-2024,Mumbai,30.1
12-11-2024,Mumbai,32.7
13-11-2024,Mumbai,28.8
14-11-2024,Mumbai,31.3
15-11-2024,Mumbai,29.5
16-11-2024,Mumbai,30.4
17-11-2024,Mumbai,32.4
18-11-2024,Mumbai,26.7
19-11-2024,Mumbai,38.4
20-11-2024,Mumbai,26
21-11-2024,Mumbai,25.1
22-11-2024,Mumbai,34.6
23-11-2024,Mumbai,33.2
24-11-2024,Mumbai,32.5
25-11-2024,Mumbai,32.5
26-11-2024,Mumbai,30
27-11-2024,Mumbai,26.4
28-11-2024,Mumbai,30.3
29-11-2024,Mumbai,27.3
30-11-2024,Mumbai,33.9
01-12-2024,Mumbai,29.4
02-12-2024,Mumbai,26.7
03-12-2024,Mumbai,28.7
04-12-2024,Mumbai,31.7
05-12-2024,Mumbai,27.7
06-12-2024,Mumbai,26.7
07-12-2024,Mumbai,31
08-12-2024,Mumbai,31
09-12-2024,Mumbai,28
10-12-2024,Mumbai,28.1
11-12-2024,Mumbai,30.9
12-12-2024,Mumbai,24.2
13-12-2024,Mumbai,24.4
14-12-2024,Mumbai,27.1
15-12-2024,Mumbai,29.1
16-12-2024,Mumbai,31.2
17-12-2024,Mumbai,35.9
18-12-2024,Mumbai,33.4
19-12-2024,Mumbai,29.4
20-12-2024,Mumbai,29.9
21-12-2024,Mumbai,26
22-12-2024,Mumbai,29.9
23-12-2024,Mumbai,28.8
24-12-2024,Mumbai,31.3
25-12-2024,Mumbai,26.7
26-12-2024,Mumbai,32.1
27-12-2024,Mumbai,36.1
28-12-2024,Mumbai,29.6
29-12-2024,Mumbai,31.6
30-12-2024,Mumbai,32.8
31-12-2024,Mumbai,28.4
01-01-2024,Delhi,25.9
02-01-2024,Delhi,25.1
03-01-2024,Delhi,25.4
04-01-2024,Delhi,21.9
05-01-2024,Delhi,25.1
06-01-2024,Delhi,27
07-01-2024,Delhi,30.8
08-01-2024,Delhi,28.8
09-01-2024,Delhi,33.6
10-01-2024,Delhi,21.9
11-01-2024,Delhi,28.5
12-01-2024,Delhi,25.7
13-01-2024,Delhi,33.8
14-01-2024,Delhi,21.8
15-01-2024,Delhi,21.6
16-01-2024,Delhi,22.6
17-01-2024,Delhi,16.5
18-01-2024,Delhi,22.9
19-01-2024,Delhi,22
20-01-2024,Delhi,25.6
21-01-2024,Delhi,26.4
22-01-2024,Delhi,32.5
23-01-2024,Delhi,28.8
24-01-2024,Delhi,22.7
25-01-2024,Delhi,21.4
26-01-2024,Delhi,27
27-01-2024,Delhi,19.7
28-01-2024,Delhi,32.3
29-01-2024,Delhi,29.7
30-01-2024,Delhi,23.1
31-01-2024,Delhi,18.1
01-02-2024,Delhi,30.4
02-02-2024,Delhi,24.5
03-02-2024,Delhi,30
04-02-2024,Delhi,18.6
05-02-2024,Delhi,22.6
06-02-2024,Delhi,25
07-02-2024,Delhi,25.2
08-02-2024,Delhi,23.2
09-02-2024,Delhi,27.5
10-02-2024,Delhi,20.7
11-02-2024,Delhi,24.4
12-02-2024,Delhi,25.5
13-02-2024,Delhi,27.1
14-02-2024,Delhi,27.8
15-02-2024,Delhi,20.5
16-02-2024,Delhi,18.9
17-02-2024,Delhi,30.1
18-02-2024,Delhi,26.3
19-02-2024,Delhi,22
20-02-2024,Delhi,31.2
21-02-2024,Delhi,25.5
22-02-2024,Delhi,29.7
23-02-2024,Delhi,25.3
24-02-2024,Delhi,33.2
25-02-2024,Delhi,32
26-02-2024,Delhi,24
27-02-2024,Delhi,28.9
28-02-2024,Delhi,27.6
29-02-2024,Delhi,30.5
01-03-2024,Delhi,21.1
02-03-2024,Delhi,27.7
03-03-2024,Delhi,29.2
04-03-2024,Delhi,18
05-03-2024,Delhi,20.3
06-03-2024,Delhi,16.8
07-03-2024,Delhi,23.9
08-03-2024,Delhi,27.9
09-03-2024,Delhi,31
10-03-2024,Delhi,25.3
11-03-2024,Delhi,31.5
12-03-2024,Delhi,19.5
13-03-2024,Delhi,18.2
14-03-2024,Delhi,24.8
15-03-2024,Delhi,26.5
16-03-2024,Delhi,24.9
17-03-2024,Delhi,16.7
18-03-2024,Delhi,24.6
19-03-2024,Delhi,19.8
20-03-2024,Delhi,27.7
21-03-2024,Delhi,26.5
22-03-2024,Delhi,21.2
23-03-2024,Delhi,22.9
24-03-2024,Delhi,20.8
25-03-2024,Delhi,24.7
26-03-2024,Delhi,28.8
27-03-2024,Delhi,21.1
28-03-2024,Delhi,27
29-03-2024,Delhi,22.9
30-03-2024,Delhi,21.8
31-03-2024,Delhi,24.6
01-04-2024,Delhi,20.9
02-04-2024,Delhi,22.8
03-04-2024,Delhi,20.2
04-04-2024,Delhi,32.9
05-04-2024,Delhi,25.1
06-04-2024,Delhi,22.2
07-04-2024,Delhi,25.9
08-04-2024,Delhi,24.6
09-04-2024,Delhi,24.1
10-04-2024,Delhi,27.5
11-04-2024,Delhi,28
12-04-2024,Delhi,22.9
13-04-2024,Delhi,22.7
14-04-2024,Delhi,23.9
15-04-2024,Delhi,15.8
16-04-2024,Delhi,18.9
17-04-2024,Delhi,30.5
18-04-2024,Delhi,31.6
19-04-2024,Delhi,24
20-04-2024,Delhi,27.3
21-04-2024,Delhi,26.2
22-04-2024,Delhi,37.3
23-04-2024,Delhi,29.5
24-04-2024,Delhi,24.5
25-04-2024,Delhi,21.2
26-04-2024,Delhi,18.6
27-04-2024,Delhi,25.8
28-04-2024,Delhi,22
29-04-2024,Delhi,19.3
30-04-2024,Delhi,22.4
01-05-2024,Delhi,20.7
02-05-2024,Delhi,31.7
03-05-2024,Delhi,28.5
04-05-2024,Delhi,25
05-05-2024,Delhi,30.9
06-05-2024,Delhi,25.3
07-05-2024,Delhi,21.6
08-05-2024,Delhi,31.1
09-05-2024,Delhi,27.2
10-05-2024,Delhi,20.9
11-05-2024,Delhi,24.2
12-05-2024,Delhi,21.5
13-05-2024,Delhi,19.5
14-05-2024,Delhi,28.7
15-05-2024,Delhi,32.6
16-05-2024,Delhi,19.4
17-05-2024,Delhi,27.3
18-05-2024,Delhi,22.4
19-05-2024,Delhi,23.1
20-05-2024,Delhi,22.6
21-05-2024,Delhi,21.5
22-05-2024,Delhi,25.2
23-05-2024,Delhi,21.7
24-05-2024,Delhi,26.1
25-05-2024,Delhi,24.8
26-05-2024,Delhi,24
27-05-2024,Delhi,21.4
28-05-2024,Delhi,22.7
29-05-2024,Delhi,28
30-05-2024,Delhi,27
31-05-2024,Delhi,21.1
01-06-2024,Delhi,25.4
02-06-2024,Delhi,28
03-06-2024,Delhi,18.3
04-06-2024,Delhi,27.2
05-06-2024,Delhi,22.3
06-06-2024,Delhi,27.3
07-06-2024,Delhi,21.9
08-06-2024,Delhi,17.8
09-06-2024,Delhi,18.5
10-06-2024,Delhi,25.2
11-06-2024,Delhi,26
12-06-2024,Delhi,21.4
13-06-2024,Delhi,27.6
14-06-2024,Delhi,18.4
15-06-2024,Delhi,24.7
16-06-2024,Delhi,20.2
17-06-2024,Delhi,22.4
18-06-2024,Delhi,25.2
19-06-2024,Delhi,21.6
20-06-2024,Delhi,23.5
21-06-2024,Delhi,29
22-06-2024,Delhi,22.7
23-06-2024,Delhi,28.3
24-06-2024,Delhi,20.5
25-06-2024,Delhi,27.1
26-06-2024,Delhi,30.8
27-06-2024,Delhi,15.1
28-06-2024,Delhi,21.8
29-06-2024,Delhi,27.3
30-06-2024,Delhi,24.2
01-07-2024,Delhi,26.5
02-07-2024,Delhi,22.6
03-07-2024,Delhi,25.3
04-07-2024,Delhi,24.4
05-07-2024,Delhi,29.7
06-07-2024,Delhi,26
07-07-2024,Delhi,26.4
08-07-2024,Delhi,23.4
09-07-2024,Delhi,23
10-07-2024,Delhi,23.3
11-07-2024,Delhi,26.6
12-07-2024,Delhi,23.3
13-07-2024,Delhi,26.2
14-07-2024,Delhi,33.3
15-07-2024,Delhi,28.5
16-07-2024,Delhi,23.7
17-07-2024,Delhi,29.8
18-07-2024,Delhi,23.4
19-07-2024,Delhi,16.8
20-07-2024,Delhi,21
21-07-2024,Delhi,17.5
22-07-2024,Delhi,23.6
23-07-2024,Delhi,25.1
24-07-2024,Delhi,31.7
25-07-2024,Delhi,26.3
26-07-2024,Delhi,24.1
27-07-2024,Delhi,28.3
28-07-2024,Delhi,16.2
29-07-2024,Delhi,25.9
30-07-2024,Delhi,28.1
31-07-2024,Delhi,19.1
01-08-2024,Delhi,29.6
02-08-2024,Delhi,26.4
03-08-2024,Delhi,23.3
04-08-2024,Delhi,27.5
05-08-2024,Delhi,34.1
06-08-2024,Delhi,25.7
07-08-2024,Delhi,26
08-08-2024,Delhi,23.2
09-08-2024,Delhi,21.6
10-08-2024,Delhi,28.3
11-08-2024,Delhi,21.6
12-08-2024,Delhi,25.3
13-08-2024,Delhi,23.1
14-08-2024,Delhi,26.9
15-08-2024,Delhi,26.3
16-08-2024,Delhi,29.2
17-08-2024,Delhi,23
18-08-2024,Delhi,23.9
19-08-2024,Delhi,21.1
20-08-2024,Delhi,23.2
21-08-2024,Delhi,26.5
22-08-2024,Delhi,28
23-08-2024,Delhi,21.3
24-08-2024,Delhi,28.5
25-08-2024,Delhi,30.4
26-08-2024,Delhi,26.7
27-08-2024,Delhi,32.5
28-08-2024,Delhi,21.9
29-08-2024,Delhi,20
30-08-2024,Delhi,17.9
31-08-2024,Delhi,31
01-09-2024,Delhi,27.6
02-09-2024,Delhi,24.8
03-09-2024,Delhi,26.1
04-09-2024,Delhi,20.5
05-09-2024,Delhi,34.8
06-09-2024,Delhi,25.5
07-09-2024,Delhi,25.4
08-09-2024,Delhi,27.9
09-09-2024,Delhi,26.9
10-09-2024,Delhi,25.9
11-09-2024,Delhi,21.8
12-09-2024,Delhi,26.9
13-09-2024,Delhi,32.5
14-09-2024,Delhi,30.4
15-09-2024,Delhi,31.4
16-09-2024,Delhi,23
17-09-2024,Delhi,21
18-09-2024,Delhi,24.5
19-09-2024,Delhi,25.2
20-09-2024,Delhi,29.4
21-09-2024,Delhi,18.2
22-09-2024,Delhi,31.1
23-09-2024,Delhi,24.4
24-09-2024,Delhi,23.3
25-09-2024,Delhi,21
26-09-2024,Delhi,18.4
27-09-2024,Delhi,28.3
28-09-2024,Delhi,25.3
29-09-2024,Delhi,19.8
30-09-2024,Delhi,19.8
01-10-2024,Delhi,23.7
02-10-2024,Delhi,31.7
03-10-2024,Delhi,24
04-10-2024,Delhi,19
05-10-2024,Delhi,24
06-10-2024,Delhi,23.9
07-10-2024,Delhi,14.2
08-10-2024,Delhi,24.8
09-10-2024,Delhi,24.1
10-10-2024,Delhi,27.8
11-10-2024,Delhi,32.4
12-10-2024,Delhi,29.5
13-10-2024,Delhi,23.9
14-10-2024,Delhi,20.6
15-10-2024,Delhi,35.3
16-10-2024,Delhi,25.2
17-10-2024,Delhi,25.1
18-10-2024,Delhi,24.9
19-10-2024,Delhi,25.8
20-10-2024,Delhi,24.4
21-10-2024,Delhi,22.7
22-10-2024,Delhi,22.8
23-10-2024,Delhi,24.9
24-10-2024,Delhi,22.8
25-10-2024,Delhi,22.1
26-10-2024,Delhi,25.4
27-10-2024,Delhi,24
28-10-2024,Delhi,31
29-10-2024,Delhi,14.4
30-10-2024,Delhi,29.4
31-10-2024,Delhi,30
01-11-2024,Delhi,16.7
02-11-2024,Delhi,23.6
03-11-2024,Delhi,23.5
04-11-2024,Delhi,19.4
05-11-2024,Delhi,21.9
06-11-2024,Delhi,20.6
07-11-2024,Delhi,32
08-11-2024,Delhi,28.7
09-11-2024,Delhi,30.1
10-11-2024,Delhi,27.9
11-11-2024,Delhi,20.5
12-11-2024,Delhi,22.9
13-11-2024,Delhi,27
14-11-2024,Delhi,20.1
15-11-2024,Delhi,27.9
16-11-2024,Delhi,24
17-11-2024,Delhi,23.5
18-11-2024,Delhi,27.8
19-11-2024,Delhi,26.8
20-11-2024,Delhi,23.6
21-11-2024,Delhi,29.6
22-11-2024,Delhi,20.7
23-11-2024,Delhi,27.5
24-11-2024,Delhi,27.4
25-11-2024,Delhi,23.8
26-11-2024,Delhi,26.3
27-11-2024,Delhi,20
28-11-2024,Delhi,28.7
29-11-2024,Delhi,24.3
30-11-2024,Delhi,22.9
01-12-2024,Delhi,29.2
02-12-2024,Delhi,22.2
03-12-2024,Delhi,19.4
04-12-2024,Delhi,18.8
05-12-2024,Delhi,27.4
06-12-2024,Delhi,19.9
07-12-2024,Delhi,32
08-12-2024,Delhi,16.7
09-12-2024,Delhi,31.8
10-12-2024,Delhi,25.8
11-12-2024,Delhi,24.6
12-12-2024,Delhi,22.8
13-12-2024,Delhi,26.6
14-12-2024,Delhi,24.8
15-12-2024,Delhi,29.4
16-12-2024,Delhi,25.5
17-12-2024,Delhi,25.6
18-12-2024,Delhi,23.5
19-12-2024,Delhi,24.8
20-12-2024,Delhi,26.2
21-12-2024,Delhi,18.2
22-12-2024,Delhi,19.6
23-12-2024,Delhi,28
24-12-2024,Delhi,25.7
25-12-2024,Delhi,24.3
26-12-2024,Delhi,25.1
27-12-2024,Delhi,26.4
28-12-2024,Delhi,22.8
29-12-2024,Delhi,21.9
30-12-2024,Delhi,25.8
31-12-2024,Delhi,21.1
01-01-2024,Chennai,32.6
02-01-2024,Chennai,24.2
03-01-2024,Chennai,35.1
04-01-2024,Chennai,32.9
05-01-2024,Chennai,32
06-01-2024,Chennai,34.9
07-01-2024,Chennai,37.7
08-01-2024,Chennai,35.1
09-01-2024,Chennai,23.6
10-01-2024,Chennai,25.9
11-01-2024,Chennai,28.5
12-01-2024,Chennai,31.1
13-01-2024,Chennai,33.1
14-01-2024,Chennai,28.1
15-01-2024,Chennai,31.7
16-01-2024,Chennai,28
17-01-2024,Chennai,28.6
18-01-2024,Chennai,25.4
19-01-2024,Chennai,27.3
20-01-2024,Chennai,25.6
21-01-2024,Chennai,27.1
22-01-2024,Chennai,35.2
23-01-2024,Chennai,27.2
24-01-2024,Chennai,41.5
25-01-2024,Chennai,33
26-01-2024,Chennai,31.7
27-01-2024,Chennai,27.6
28-01-2024,Chennai,33.8
29-01-2024,Chennai,28.7
30-01-2024,Chennai,31.5
31-01-2024,Chennai,41.2
01-02-2024,Chennai,30.6
02-02-2024,Chennai,35.6
03-02-2024,Chennai,28.2
04-02-2024,Chennai,30.9
05-02-2024,Chennai,38.1
06-02-2024,Chennai,28.5
07-02-2024,Chennai,38.2
08-02-2024,Chennai,33.8
09-02-2024,Chennai,28.8
10-02-2024,Chennai,33.5
11-02-2024,Chennai,34.9
12-02-2024,Chennai,33.5
13-02-2024,Chennai,24.7
14-02-2024,Chennai,28.1
15-02-2024,Chennai,30
16-02-2024,Chennai,30.7
17-02-2024,Chennai,33.5
18-02-2024,Chennai,31.7
19-02-2024,Chennai,25.7
20-02-2024,Chennai,32.5
21-02-2024,Chennai,33.4
22-02-2024,Chennai,33.2
23-02-2024,Chennai,35.3
24-02-2024,Chennai,34.3
25-02-2024,Chennai,32.8
26-02-2024,Chennai,30.7
27-02-2024,Chennai,24.4
28-02-2024,Chennai,32.7
29-02-2024,Chennai,31.8
01-03-2024,Chennai,32.1
02-03-2024,Chennai,25.9
03-03-2024,Chennai,26.7
04-03-2024,Chennai,35.2
05-03-2024,Chennai,30.8
06-03-2024,Chennai,33.7
07-03-2024,Chennai,31.1
08-03-2024,Chennai,31.1
09-03-2024,Chennai,34.8
10-03-2024,Chennai,28.9
11-03-2024,Chennai,31.4
12-03-2024,Chennai,29.2
13-03-2024,Chennai,29.3
14-03-2024,Chennai,29.8
15-03-2024,Chennai,31.9
16-03-2024,Chennai,29.1
17-03-2024,Chennai,36
18-03-2024,Chennai,27.4
19-03-2024,Chennai,30.3
20-03-2024,Chennai,29.2
21-03-2024,Chennai,36.8
22-03-2024,Chennai,31.8
23-03-2024,Chennai,35.1
24-03-2024,Chennai,25.1
25-03-2024,Chennai,32.1
26-03-2024,Chennai,34.6
27-03-2024,Chennai,31.3
28-03-2024,Chennai,35.3
29-03-2024,Chennai,28.9
30-03-2024,Chennai,36.6
31-03-2024,Chennai,40.2
01-04-2024,Chennai,29.5
02-04-2024,Chennai,29.2
03-04-2024,Chennai,36.8
04-04-2024,Chennai,37.3
05-04-2024,Chennai,28.9
06-04-2024,Chennai,29.3
07-04-2024,Chennai,29.9
08-04-2024,Chennai,25.6
09-04-2024,Chennai,27.3
10-04-2024,Chennai,27
11-04-2024,Chennai,27.9
12-04-2024,Chennai,30.9
13-04-2024,Chennai,31.9
14-04-2024,Chennai,37.2
15-04-2024,Chennai,27
16-04-2024,Chennai,34.9
17-04-2024,Chennai,30.1
18-04-2024,Chennai,30.8
19-04-2024,Chennai,33.7
20-04-2024,Chennai,26.5
21-04-2024,Chennai,32.5
22-04-2024,Chennai,31.7
23-04-2024,Chennai,33
24-04-2024,Chennai,32.2
25-04-2024,Chennai,40.8
26-04-2024,Chennai,28.4
27-04-2024,Chennai,28.9
28-04-2024,Chennai,28.5
29-04-2024,Chennai,28.8
30-04-2024,Chennai,28.5
01-05-2024,Chennai,35.8
02-05-2024,Chennai,36.7
03-05-2024,Chennai,28.7
04-05-2024,Chennai,27.7
05-05-2024,Chennai,32.9
06-05-2024,Chennai,28.8
07-05-2024,Chennai,33.5
08-05-2024,Chennai,31.8
09-05-2024,Chennai,24.9
10-05-2024,Chennai,37.2
11-05-2024,Chennai,38.2
12-05-2024,Chennai,28.5
13-05-2024,Chennai,29.4
14-05-2024,Chennai,32.1
15-05-2024,Chennai,32.3
16-05-2024,Chennai,33.6
17-05-2024,Chennai,39
18-05-2024,Chennai,30.3
19-05-2024,Chennai,27.8
20-05-2024,Chennai,25.5
21-05-2024,Chennai,28.1
22-05-2024,Chennai,30.9
23-05-2024,Chennai,38.2
24-05-2024,Chennai,28.9
25-05-2024,Chennai,31.9
26-05-2024,Chennai,30.9
27-05-2024,Chennai,35.8
28-05-2024,Chennai,41.1
29-05-2024,Chennai,28.9
30-05-2024,Chennai,29
31-05-2024,Chennai,35.2
01-06-2024,Chennai,33.7
02-06-2024,Chennai,38.4
03-06-2024,Chennai,33.3
04-06-2024,Chennai,29.6
05-06-2024,Chennai,33.4
06-06-2024,Chennai,35.4
07-06-2024,Chennai,34.3
08-06-2024,Chennai,33
09-06-2024,Chennai,35.3
10-06-2024,Chennai,35.7
11-06-2024,Chennai,36.5
12-06-2024,Chennai,33.6
13-06-2024,Chennai,30.3
14-06-2024,Chennai,31.6
15-06-2024,Chennai,35.8
16-06-2024,Chennai,27.7
17-06-2024,Chennai,32.5
18-06-2024,Chennai,29.4
19-06-2024,Chennai,31.1
20-06-2024,Chennai,36.1
21-06-2024,Chennai,31.8
22-06-2024,Chennai,31.2
23-06-2024,Chennai,25.6
24-06-2024,Chennai,34
25-06-2024,Chennai,33.6
26-06-2024,Chennai,39.7
27-06-2024,Chennai,29.8
28-06-2024,Chennai,31.9
29-06-2024,Chennai,32
30-06-2024,Chennai,37.3
01-07-2024,Chennai,30.6
02-07-2024,Chennai,32.1
03-07-2024,Chennai,33.4
04-07-2024,Chennai,31.7
05-07-2024,Chennai,29.2
06-07-2024,Chennai,31.8
07-07-2024,Chennai,35.3
08-07-2024,Chennai,26.9
09-07-2024,Chennai,31.5
10-07-2024,Chennai,28.2
11-07-2024,Chennai,35.8
12-07-2024,Chennai,24.9
13-07-2024,Chennai,28.8
14-07-2024,Chennai,32.5
15-07-2024,Chennai,37.3
16-07-2024,Chennai,30.7
17-07-2024,Chennai,28.8
18-07-2024,Chennai,38.5
19-07-2024,Chennai,25.2
20-07-2024,Chennai,22.2
21-07-2024,Chennai,32.8
22-07-2024,Chennai,29
23-07-2024,Chennai,26.9
24-07-2024,Chennai,33.8
25-07-2024,Chennai,32
26-07-2024,Chennai,28.7
27-07-2024,Chennai,25.9
28-07-2024,Chennai,34.5
29-07-2024,Chennai,33.6
30-07-2024,Chennai,30.6
31-07-2024,Chennai,38.4
01-08-2024,Chennai,26.7
02-08-2024,Chennai,24.9
03-08-2024,Chennai,28.2
04-08-2024,Chennai,30.8
05-08-2024,Chennai,32
06-08-2024,Chennai,30
07-08-2024,Chennai,32.4
08-08-2024,Chennai,26
09-08-2024,Chennai,36.8
10-08-2024,Chennai,30.7
11-08-2024,Chennai,35.5
12-08-2024,Chennai,32.4
13-08-2024,Chennai,32.8
14-08-2024,Chennai,33.3
15-08-2024,Chennai,32.8
16-08-2024,Chennai,33.6
17-08-2024,Chennai,36.3
18-08-2024,Chennai,31.8
19-08-2024,Chennai,33.8
20-08-2024,Chennai,30.6
21-08-2024,Chennai,36.8
22-08-2024,Chennai,28.3
23-08-2024,Chennai,38.2
24-08-2024,Chennai,30.8
25-08-2024,Chennai,25.3
26-08-2024,Chennai,31.5
27-08-2024,Chennai,28.3
28-08-2024,Chennai,34.4
29-08-2024,Chennai,28.4
30-08-2024,Chennai,29.2
31-08-2024,Chennai,23.4
01-09-2024,Chennai,29.2
02-09-2024,Chennai,21.3
03-09-2024,Chennai,24.7
04-09-2024,Chennai,34
05-09-2024,Chennai,34.1
06-09-2024,Chennai,32.7
07-09-2024,Chennai,27.1
08-09-2024,Chennai,30.8
09-09-2024,Chennai,31
10-09-2024,Chennai,26.4
11-09-2024,Chennai,37
12-09-2024,Chennai,34.5
13-09-2024,Chennai,30.1
14-09-2024,Chennai,31.1
15-09-2024,Chennai,31.8
16-09-2024,Chennai,22.8
17-09-2024,Chennai,30
18-09-2024,Chennai,28.3
19-09-2024,Chennai,27
20-09-2024,Chennai,29.9
21-09-2024,Chennai,38.2
22-09-2024,Chennai,33.6
23-09-2024,Chennai,28.7
24-09-2024,Chennai,33.3
25-09-2024,Chennai,36.6
26-09-2024,Chennai,34.7
27-09-2024,Chennai,31.2
28-09-2024,Chennai,28.4
29-09-2024,Chennai,33.8
30-09-2024,Chennai,32.6
01-10-2024,Chennai,34.6
02-10-2024,Chennai,33.5
03-10-2024,Chennai,35.2
04-10-2024,Chennai,28.9
05-10-2024,Chennai,36.3
06-10-2024,Chennai,31.8
07-10-2024,Chennai,39.3
08-10-2024,Chennai,28.2
09-10-2024,Chennai,37.9
10-10-2024,Chennai,31.8
11-10-2024,Chennai,28.4
12-10-2024,Chennai,29.1
13-10-2024,Chennai,29.7
14-10-2024,Chennai,32.7
15-10-2024,Chennai,33.1
16-10-2024,Chennai,28.7
17-10-2024,Chennai,30.9
18-10-2024,Chennai,39.6
19-10-2024,Chennai,37.9
20-10-2024,Chennai,32.7
21-10-2024,Chennai,31.2
22-10-2024,Chennai,31.5
23-10-2024,Chennai,33.5
24-10-2024,Chennai,26.9
25-10-2024,Chennai,30
26-10-2024,Chennai,24.3
27-10-2024,Chennai,32.6
28-10-2024,Chennai,33.6
29-10-2024,Chennai,29.1
30-10-2024,Chennai,37.3
31-10-2024,Chennai,26.1
01-11-2024,Chennai,25.1
02-11-2024,Chennai,31.9
03-11-2024,Chennai,35.2
04-11-2024,Chennai,37.7
05-11-2024,Chennai,29.2
06-11-2024,Chennai,35.3
07-11-2024,Chennai,30.8
08-11-2024,Chennai,30.3
09-11-2024,Chennai,34.5
10-11-2024,Chennai,33.6
11-11-2024,Chennai,24.7
12-11-2024,Chennai,36.9
13-11-2024,Chennai,36.5
14-11-2024,Chennai,28.5
15-11-2024,Chennai,32.6
16-11-2024,Chennai,33
17-11-2024,Chennai,32
18-11-2024,Chennai,28.8
19-11-2024,Chennai,28.3
20-11-2024,Chennai,30.9
21-11-2024,Chennai,35.7
22-11-2024,Chennai,33.2
23-11-2024,Chennai,29.5
24-11-2024,Chennai,34.1
25-11-2024,Chennai,19.6
26-11-2024,Chennai,35.6
27-11-2024,Chennai,24
28-11-2024,Chennai,29.6
29-11-2024,Chennai,26.5
30-11-2024,Chennai,25.8
01-12-2024,Chennai,35.6
02-12-2024,Chennai,29.1
03-12-2024,Chennai,32.4
04-12-2024,Chennai,30.8
05-12-2024,Chennai,32.9
06-12-2024,Chennai,31.3
07-12-2024,Chennai,25.9
08-12-2024,Chennai,35
09-12-2024,Chennai,29
10-12-2024,Chennai,24.8
11-12-2024,Chennai,29.3
12-12-2024,Chennai,37
13-12-2024,Chennai,34.4
14-12-2024,Chennai,29.6
15-12-2024,Chennai,29.6
16-12-2024,Chennai,29.7
17-12-2024,Chennai,39.3
18-12-2024,Chennai,32.5
19-12-2024,Chennai,32.7
20-12-2024,Chennai,35.1
21-12-2024,Chennai,32
22-12-2024,Chennai,30
23-12-2024,Chennai,30.2
24-12-2024,Chennai,30.7
25-12-2024,Chennai,30.9
26-12-2024,Chennai,33.9
27-12-2024,Chennai,31.2
28-12-2024,Chennai,33.9
29-12-2024,Chennai,30.7
30-12-2024,Chennai,31.3
31-12-2024,Chennai,23
01-01-2024,Kolkata,32.7
02-01-2024,Kolkata,30.4
03-01-2024,Kolkata,33
04-01-2024,Kolkata,17.4
05-01-2024,Kolkata,37.4
06-01-2024,Kolkata,28.4
07-01-2024,Kolkata,33.4
08-01-2024,Kolkata,24.8
09-01-2024,Kolkata,31.5
10-01-2024,Kolkata,24.8
11-01-2024,Kolkata,26.5
12-01-2024,Kolkata,36.7
13-01-2024,Kolkata,28.2
14-01-2024,Kolkata,29.9
15-01-2024,Kolkata,32.5
16-01-2024,Kolkata,31
17-01-2024,Kolkata,29.6
18-01-2024,Kolkata,30.5
19-01-2024,Kolkata,38.6
20-01-2024,Kolkata,28.8
21-01-2024,Kolkata,29.8
22-01-2024,Kolkata,33.2
23-01-2024,Kolkata,33.4
24-01-2024,Kolkata,33.7
25-01-2024,Kolkata,31.6
26-01-2024,Kolkata,24.4
27-01-2024,Kolkata,35.5
28-01-2024,Kolkata,24.4
29-01-2024,Kolkata,30.2
30-01-2024,Kolkata,26
31-01-2024,Kolkata,28.7
01-02-2024,Kolkata,30.3
02-02-2024,Kolkata,30.3
03-02-2024,Kolkata,30.7
04-02-2024,Kolkata,35.5
05-02-2024,Kolkata,30.8
06-02-2024,Kolkata,28
07-02-2024,Kolkata,32.9
08-02-2024,Kolkata,33.8
09-02-2024,Kolkata,24.1
10-02-2024,Kolkata,31.4
11-02-2024,Kolkata,31.8
12-02-2024,Kolkata,27.8
13-02-2024,Kolkata,34.5
14-02-2024,Kolkata,28.4
15-02-2024,Kolkata,29.5
16-02-2024,Kolkata,28.3
17-02-2024,Kolkata,29.1
18-02-2024,Kolkata,24.6
19-02-2024,Kolkata,23.2
20-02-2024,Kolkata,35.4
21-02-2024,Kolkata,25.6
22-02-2024,Kolkata,25
23-02-2024,Kolkata,20.4
24-02-2024,Kolkata,26.4
25-02-2024,Kolkata,23.7
26-02-2024,Kolkata,35.6
27-02-2024,Kolkata,33
28-02-2024,Kolkata,26.2
29-02-2024,Kolkata,38
01-03-2024,Kolkata,32.9
02-03-2024,Kolkata,27.7
03-03-2024,Kolkata,19
04-03-2024,Kolkata,38.2
05-03-2024,Kolkata,23.4
06-03-2024,Kolkata,22.4
07-03-2024,Kolkata,33.1
08-03-2024,Kolkata,38.8
09-03-2024,Kolkata,34.5
10-03-2024,Kolkata,31.3
11-03-2024,Kolkata,31.4
12-03-2024,Kolkata,32.4
13-03-2024,Kolkata,32
14-03-2024,Kolkata,30.1
15-03-2024,Kolkata,29.4
16-03-2024,Kolkata,28.7
17-03-2024,Kolkata,26
18-03-2024,Kolkata,27.9
19-03-2024,Kolkata,22.2
20-03-2024,Kolkata,28.6
21-03-2024,Kolkata,25
22-03-2024,Kolkata,24.6
23-03-2024,Kolkata,29.7
24-03-2024,Kolkata,34.6
25-03-2024,Kolkata,32.7
26-03-2024,Kolkata,22.7
27-03-2024,Kolkata,25
28-03-2024,Kolkata,32.8
29-03-2024,Kolkata,25.1
30-03-2024,Kolkata,28.1
31-03-2024,Kolkata,31.2
01-04-2024,Kolkata,25.1
02-04-2024,Kolkata,29.4
03-04-2024,Kolkata,23.7
04-04-2024,Kolkata,26.6
05-04-2024,Kolkata,30.3
06-04-2024,Kolkata,22.6
07-04-2024,Kolkata,30.8
08-04-2024,Kolkata,28.9
09-04-2024,Kolkata,31.2
10-04-2024,Kolkata,29.9
11-04-2024,Kolkata,34.5
12-04-2024,Kolkata,29.5
13-04-2024,Kolkata,27.3
14-04-2024,Kolkata,29.5
15-04-2024,Kolkata,31.2
16-04-2024,Kolkata,29.2
17-04-2024,Kolkata,29.2
18-04-2024,Kolkata,26.2
19-04-2024,Kolkata,26.3
20-04-2024,Kolkata,23.4
21-04-2024,Kolkata,36
22-04-2024,Kolkata,24
23-04-2024,Kolkata,26.2
24-04-2024,Kolkata,26.1
25-04-2024,Kolkata,32.6
26-04-2024,Kolkata,27.8
27-04-2024,Kolkata,34
28-04-2024,Kolkata,26.3
29-04-2024,Kolkata,30.1
30-04-2024,Kolkata,25.7
01-05-2024,Kolkata,37.6
02-05-2024,Kolkata,24.2
03-05-2024,Kolkata,30.2
04-05-2024,Kolkata,31.5
05-05-2024,Kolkata,30.7
06-05-2024,Kolkata,28.3
07-05-2024,Kolkata,28.5
08-05-2024,Kolkata,29.2
09-05-2024,Kolkata,28.4
10-05-2024,Kolkata,32.9
11-05-2024,Kolkata,37.8
12-05-2024,Kolkata,26.8
13-05-2024,Kolkata,23.5
14-05-2024,Kolkata,28.6
15-05-2024,Kolkata,39.3
16-05-2024,Kolkata,25.8
17-05-2024,Kolkata,35.6
18-05-2024,Kolkata,35.7
19-05-2024,Kolkata,26.8
20-05-2024,Kolkata,31.3
21-05-2024,Kolkata,35.5
22-05-2024,Kolkata,27.5
23-05-2024,Kolkata,28.2
24-05-2024,Kolkata,26.7
25-05-2024,Kolkata,24.9
26-05-2024,Kolkata,26.4
27-05-2024,Kolkata,24.1
28-05-2024,Kolkata,29.1
29-05-2024,Kolkata,25.9
30-05-2024,Kolkata,29.9
31-05-2024,Kolkata,22.8
01-06-2024,Kolkata,30.3
02-06-2024,Kolkata,32.3
03-06-2024,Kolkata,21
04-06-2024,Kolkata,30.5
05-06-2024,Kolkata,33.9
06-06-2024,Kolkata,24.2
07-06-2024,Kolkata,35.7
08-06-2024,Kolkata,30.7
09-06-2024,Kolkata,26.2
10-06-2024,Kolkata,28.8
11-06-2024,Kolkata,31.2
12-06-2024,Kolkata,29.3
13-06-2024,Kolkata,31.2
14-06-2024,Kolkata,25.3
15-06-2024,Kolkata,29.7
16-06-2024,Kolkata,23.3
17-06-2024,Kolkata,28.6
18-06-2024,Kolkata,25.4
19-06-2024,Kolkata,26.1
20-06-2024,Kolkata,33.9
21-06-2024,Kolkata,33.4
22-06-2024,Kolkata,31.4
23-06-2024,Kolkata,24.6
24-06-2024,Kolkata,27.7
25-06-2024,Kolkata,33.9
26-06-2024,Kolkata,29.6
27-06-2024,Kolkata,38.3
28-06-2024,Kolkata,30.6
29-06-2024,Kolkata,29.8
30-06-2024,Kolkata,27.8
01-07-2024,Kolkata,29.5
02-07-2024,Kolkata,28.4
03-07-2024,Kolkata,31.8
04-07-2024,Kolkata,32.8
05-07-2024,Kolkata,25.9
06-07-2024,Kolkata,23.7
07-07-2024,Kolkata,21.7
08-07-2024,Kolkata,31
09-07-2024,Kolkata,24.6
10-07-2024,Kolkata,20.4
11-07-2024,Kolkata,30.6
12-07-2024,Kolkata,39
13-07-2024,Kolkata,29
14-07-2024,Kolkata,32.4
15-07-2024,Kolkata,29.3
16-07-2024,Kolkata,28.6
17-07-2024,Kolkata,32.7
18-07-2024,Kolkata,27.8
19-07-2024,Kolkata,30.1
20-07-2024,Kolkata,30.3
21-07-2024,Kolkata,26.3
22-07-2024,Kolkata,33
23-07-2024,Kolkata,28.3
24-07-2024,Kolkata,26
25-07-2024,Kolkata,31.1
26-07-2024,Kolkata,25.4
27-07-2024,Kolkata,29.1
28-07-2024,Kolkata,29
29-07-2024,Kolkata,33.3
30-07-2024,Kolkata,30.9
31-07-2024,Kolkata,28.9
01-08-2024,Kolkata,32.3
02-08-2024,Kolkata,34.6
03-08-2024,Kolkata,31.2
04-08-2024,Kolkata,29
05-08-2024,Kolkata,23.8
06-08-2024,Kolkata,24.7
07-08-2024,Kolkata,27.8
08-08-2024,Kolkata,26.6
09-08-2024,Kolkata,28.3
10-08-2024,Kolkata,29.2
11-08-2024,Kolkata,31.1
12-08-2024,Kolkata,28.7
13-08-2024,Kolkata,30.9
14-08-2024,Kolkata,29.3
15-08-2024,Kolkata,21.1
16-08-2024,Kolkata,25.2
17-08-2024,Kolkata,28.4
18-08-2024,Kolkata,24.2
19-08-2024,Kolkata,31.4
20-08-2024,Kolkata,35.1
21-08-2024,Kolkata,33.9
22-08-2024,Kolkata,28.1
23-08-2024,Kolkata,35
24-08-2024,Kolkata,29.6
25-08-2024,Kolkata,27.7
26-08-2024,Kolkata,26.5
27-08-2024,Kolkata,27.8
28-08-2024,Kolkata,27.4
29-08-2024,Kolkata,29.7
30-08-2024,Kolkata,29.6
31-08-2024,Kolkata,29
01-09-2024,Kolkata,30.7
02-09-2024,Kolkata,33.8
03-09-2024,Kolkata,32.8
04-09-2024,Kolkata,23.1
05-09-2024,Kolkata,18.8
06-09-2024,Kolkata,32.7
07-09-2024,Kolkata,23.5
08-09-2024,Kolkata,28.1
09-09-2024,Kolkata,24.3
10-09-2024,Kolkata,21.8
11-09-2024,Kolkata,31.2
12-09-2024,Kolkata,32
13-09-2024,Kolkata,26.7
14-09-2024,Kolkata,18.6
15-09-2024,Kolkata,26.8
16-09-2024,Kolkata,30.6
17-09-2024,Kolkata,23.1
18-09-2024,Kolkata,29.7
19-09-2024,Kolkata,28.9
20-09-2024,Kolkata,31.3
21-09-2024,Kolkata,29.5
22-09-2024,Kolkata,25.1
23-09-2024,Kolkata,33.8
24-09-2024,Kolkata,28.4
25-09-2024,Kolkata,28.9
26-09-2024,Kolkata,25.3
27-09-2024,Kolkata,27.2
28-09-2024,Kolkata,25.5
29-09-2024,Kolkata,28.3
30-09-2024,Kolkata,35.8
01-10-2024,Kolkata,23.5
02-10-2024,Kolkata,22.5
03-10-2024,Kolkata,34.9
04-10-2024,Kolkata,28.2
05-10-2024,Kolkata,26.3
06-10-2024,Kolkata,33.2
07-10-2024,Kolkata,26.6
08-10-2024,Kolkata,36.3
09-10-2024,Kolkata,31.7
10-10-2024,Kolkata,27
11-10-2024,Kolkata,37.6
12-10-2024,Kolkata,26.6
13-10-2024,Kolkata,32
14-10-2024,Kolkata,30.2
15-10-2024,Kolkata,34.2
16-10-2024,Kolkata,35.2
17-10-2024,Kolkata,29.1
18-10-2024,Kolkata,26
19-10-2024,Kolkata,30.8
20-10-2024,Kolkata,26.3
21-10-2024,Kolkata,37.1
22-10-2024,Kolkata,29.5
23-10-2024,Kolkata,27.5
24-10-2024,Kolkata,29.7
25-10-2024,Kolkata,23.6
26-10-2024,Kolkata,25.1
27-10-2024,Kolkata,33.8
28-10-2024,Kolkata,26.4
29-10-2024,Kolkata,24.8
30-10-2024,Kolkata,31.1
31-10-2024,Kolkata,33.7
01-11-2024,Kolkata,31.9
02-11-2024,Kolkata,33
03-11-2024,Kolkata,26
04-11-2024,Kolkata,23.3
05-11-2024,Kolkata,35
06-11-2024,Kolkata,27.7
07-11-2024,Kolkata,28
08-11-2024,Kolkata,34.3
09-11-2024,Kolkata,31.2
10-11-2024,Kolkata,30.8
11-11-2024,Kolkata,37.7
12-11-2024,Kolkata,26.4
13-11-2024,Kolkata,32.7
14-11-2024,Kolkata,29.2
15-11-2024,Kolkata,30.1
16-11-2024,Kolkata,35.1
17-11-2024,Kolkata,31
18-11-2024,Kolkata,31.2
19-11-2024,Kolkata,33.3
20-11-2024,Kolkata,27.5
21-11-2024,Kolkata,25.6
22-11-2024,Kolkata,24.8
23-11-2024,Kolkata,21.1
24-11-2024,Kolkata,37.2
25-11-2024,Kolkata,24.6
26-11-2024,Kolkata,28.1
27-11-2024,Kolkata,27.9
28-11-2024,Kolkata,30.2
29-11-2024,Kolkata,32.3
30-11-2024,Kolkata,32.4
01-12-2024,Kolkata,26.7
02-12-2024,Kolkata,28.3
03-12-2024,Kolkata,30.1
04-12-2024,Kolkata,28
05-12-2024,Kolkata,35.4
06-12-2024,Kolkata,31
07-12-2024,Kolkata,31.9
08-12-2024,Kolkata,31.7
09-12-2024,Kolkata,33.7
10-12-2024,Kolkata,29.7
11-12-2024,Kolkata,23.8
12-12-2024,Kolkata,30.6
13-12-2024,Kolkata,26.4
14-12-2024,Kolkata,26.9
15-12-2024,Kolkata,31.3
16-12-2024,Kolkata,34
17-12-2024,Kolkata,29.1
18-12-2024,Kolkata,30.2
19-12-2024,Kolkata,35.8
20-12-2024,Kolkata,30
21-12-2024,Kolkata,39.4
22-12-2024,Kolkata,31.3
23-12-2024,Kolkata,22
24-12-2024,Kolkata,32
25-12-2024,Kolkata,30.5
26-12-2024,Kolkata,34.2
27-12-2024,Kolkata,31.7
28-12-2024,Kolkata,28.4
29-12-2024,Kolkata,24.1
30-12-2024,Kolkata,28.2
31-12-2024,Kolkata,25.6
01-01-2024,Bengaluru,21.7
02-01-2024,Bengaluru,26.4
03-01-2024,Bengaluru,30.7
04-01-2024,Bengaluru,25.6
05-01-2024,Bengaluru,19.2
06-01-2024,Bengaluru,25.8
07-01-2024,Bengaluru,28.8
08-01-2024,Bengaluru,21.6
09-01-2024,Bengaluru,23.5
10-01-2024,Bengaluru,24.1
11-01-2024,Bengaluru,20.9
12-01-2024,Bengaluru,26.6
13-01-2024,Bengaluru,23.5
14-01-2024,Bengaluru,25.7
15-01-2024,Bengaluru,20.5
16-01-2024,Bengaluru,22.3
17-01-2024,Bengaluru,26.9
18-01-2024,Bengaluru,22.5
19-01-2024,Bengaluru,30.9
20-01-2024,Bengaluru,22.4
21-01-2024,Bengaluru,24.9
22-01-2024,Bengaluru,27.7
23-01-2024,Bengaluru,18.3
24-01-2024,Bengaluru,17
25-01-2024,Bengaluru,17.9
26-01-2024,Bengaluru,29.1
27-01-2024,Bengaluru,21.8
28-01-2024,Bengaluru,34.2
29-01-2024,Bengaluru,21.7
30-01-2024,Bengaluru,24.7
31-01-2024,Bengaluru,30.2
01-02-2024,Bengaluru,32
02-02-2024,Bengaluru,32.2
03-02-2024,Bengaluru,28.8
04-02-2024,Bengaluru,28.1
05-02-2024,Bengaluru,26.4
06-02-2024,Bengaluru,27.1
07-02-2024,Bengaluru,21.8
08-02-2024,Bengaluru,20.7
09-02-2024,Bengaluru,24
10-02-2024,Bengaluru,23.3
11-02-2024,Bengaluru,22.2
12-02-2024,Bengaluru,26.8
13-02-2024,Bengaluru,27.8
14-02-2024,Bengaluru,24.4
15-02-2024,Bengaluru,29.9
16-02-2024,Bengaluru,19.4
17-02-2024,Bengaluru,23.2
18-02-2024,Bengaluru,21.1
19-02-2024,Bengaluru,16.5
20-02-2024,Bengaluru,23.7
21-02-2024,Bengaluru,23.5
22-02-2024,Bengaluru,30.1
23-02-2024,Bengaluru,26.5
24-02-2024,Bengaluru,19.9
25-02-2024,Bengaluru,31.4
26-02-2024,Bengaluru,28.9
27-02-2024,Bengaluru,26.3
28-02-2024,Bengaluru,23.1
29-02-2024,Bengaluru,20.2
01-03-2024,Bengaluru,22.5
02-03-2024,Bengaluru,28.4
03-03-2024,Bengaluru,31.5
04-03-2024,Bengaluru,30.2
05-03-2024,Bengaluru,22
06-03-2024,Bengaluru,19.5
07-03-2024,Bengaluru,24.6
08-03-2024,Bengaluru,16.9
09-03-2024,Bengaluru,25.3
10-03-2024,Bengaluru,23.4
11-03-2024,Bengaluru,22.1
12-03-2024,Bengaluru,17.6
13-03-2024,Bengaluru,26.1
14-03-2024,Bengaluru,21.9
15-03-2024,Bengaluru,19.3
16-03-2024,Bengaluru,12.5
17-03-2024,Bengaluru,23.9
18-03-2024,Bengaluru,31.1
19-03-2024,Bengaluru,30.6
20-03-2024,Bengaluru,22.2
21-03-2024,Bengaluru,21.6
22-03-2024,Bengaluru,25.9
23-03-2024,Bengaluru,20
24-03-2024,Bengaluru,25.2
25-03-2024,Bengaluru,27.1
26-03-2024,Bengaluru,28.9
27-03-2024,Bengaluru,23.6
28-03-2024,Bengaluru,23.2
29-03-2024,Bengaluru,20.5
30-03-2024,Bengaluru,20.7
31-03-2024,Bengaluru,23.1
01-04-2024,Bengaluru,25.5
02-04-2024,Bengaluru,27.7
03-04-2024,Bengaluru,20.8
04-04-2024,Bengaluru,30
05-04-2024,Bengaluru,22.9
06-04-2024,Bengaluru,23.9
07-04-2024,Bengaluru,21
08-04-2024,Bengaluru,14.3
09-04-2024,Bengaluru,27.5
10-04-2024,Bengaluru,26.9
11-04-2024,Bengaluru,22.9
12-04-2024,Bengaluru,24.3
13-04-2024,Bengaluru,26.1
14-04-2024,Bengaluru,17.7
15-04-2024,Bengaluru,21.9
16-04-2024,Bengaluru,27.2
17-04-2024,Bengaluru,19
18-04-2024,Bengaluru,25.2
19-04-2024,Bengaluru,18.6
20-04-2024,Bengaluru,25.9
21-04-2024,Bengaluru,23.9
22-04-2024,Bengaluru,17.5
23-04-2024,Bengaluru,28.7
24-04-2024,Bengaluru,21.1
25-04-2024,Bengaluru,20.8
26-04-2024,Bengaluru,24.8
27-04-2024,Bengaluru,28.6
28-04-2024,Bengaluru,19.9
29-04-2024,Bengaluru,24.2
30-04-2024,Bengaluru,25.7
01-05-2024,Bengaluru,26.8
02-05-2024,Bengaluru,24.7
03-05-2024,Bengaluru,22.5
04-05-2024,Bengaluru,20.7
05-05-2024,Bengaluru,24.3
06-05-2024,Bengaluru,19.7
07-05-2024,Bengaluru,12.3
08-05-2024,Bengaluru,25.7
09-05-2024,Bengaluru,27.6
10-05-2024,Bengaluru,14.5
11-05-2024,Bengaluru,20
12-05-2024,Bengaluru,26.5
13-05-2024,Bengaluru,32.2
14-05-2024,Bengaluru,24.1
15-05-2024,Bengaluru,21.1
16-05-2024,Bengaluru,23.3
17-05-2024,Bengaluru,29.5
18-05-2024,Bengaluru,21.4
19-05-2024,Bengaluru,20.8
20-05-2024,Bengaluru,22.1
21-05-2024,Bengaluru,20.2
22-05-2024,Bengaluru,24.5
23-05-2024,Bengaluru,30.5
24-05-2024,Bengaluru,25.3
25-05-2024,Bengaluru,23
26-05-2024,Bengaluru,22.8
27-05-2024,Bengaluru,17.7
28-05-2024,Bengaluru,27.5
29-05-2024,Bengaluru,23.7
30-05-2024,Bengaluru,23.3
31-05-2024,Bengaluru,36.8
01-06-2024,Bengaluru,25.2
02-06-2024,Bengaluru,21
03-06-2024,Bengaluru,22.3
04-06-2024,Bengaluru,28.6
05-06-2024,Bengaluru,24.5
06-06-2024,Bengaluru,18.2
07-06-2024,Bengaluru,27.7
08-06-2024,Bengaluru,21.3
09-06-2024,Bengaluru,31.5
10-06-2024,Bengaluru,28.3
11-06-2024,Bengaluru,22.2
12-06-2024,Bengaluru,29.1
13-06-2024,Bengaluru,24.3
14-06-2024,Bengaluru,27.4
15-06-2024,Bengaluru,25.9
16-06-2024,Bengaluru,20.6
17-06-2024,Bengaluru,21.4
18-06-2024,Bengaluru,28.1
19-06-2024,Bengaluru,22.7
20-06-2024,Bengaluru,22.4
21-06-2024,Bengaluru,20.2
22-06-2024,Bengaluru,25.7
23-06-2024,Bengaluru,32.3
24-06-2024,Bengaluru,19.7
25-06-2024,Bengaluru,24.1
26-06-2024,Bengaluru,29.6
27-06-2024,Bengaluru,23.7
28-06-2024,Bengaluru,25.8
29-06-2024,Bengaluru,19.8
30-06-2024,Bengaluru,25.7
01-07-2024,Bengaluru,23.3
02-07-2024,Bengaluru,27.9
03-07-2024,Bengaluru,28.7
04-07-2024,Bengaluru,34.4
05-07-2024,Bengaluru,26.3
06-07-2024,Bengaluru,25.3
07-07-2024,Bengaluru,24.8
08-07-2024,Bengaluru,22.6
09-07-2024,Bengaluru,25.4
10-07-2024,Bengaluru,22.8
11-07-2024,Bengaluru,24.7
12-07-2024,Bengaluru,29.3
13-07-2024,Bengaluru,20
14-07-2024,Bengaluru,28.6
15-07-2024,Bengaluru,29.3
16-07-2024,Bengaluru,23.5
17-07-2024,Bengaluru,15.5
18-07-2024,Bengaluru,21.6
19-07-2024,Bengaluru,29.2
20-07-2024,Bengaluru,23.9
21-07-2024,Bengaluru,20
22-07-2024,Bengaluru,22
23-07-2024,Bengaluru,27.4
24-07-2024,Bengaluru,26.2
25-07-2024,Bengaluru,23
26-07-2024,Bengaluru,22.5
27-07-2024,Bengaluru,22.4
28-07-2024,Bengaluru,20.3
29-07-2024,Bengaluru,30.5
30-07-2024,Bengaluru,22.7
31-07-2024,Bengaluru,28.9
01-08-2024,Bengaluru,30.1
02-08-2024,Bengaluru,28
03-08-2024,Bengaluru,22.3
04-08-2024,Bengaluru,25.6
05-08-2024,Bengaluru,23.9
06-08-2024,Bengaluru,20.4
07-08-2024,Bengaluru,25.3
08-08-2024,Bengaluru,19.3
09-08-2024,Bengaluru,28.8
10-08-2024,Bengaluru,22.1
11-08-2024,Bengaluru,24.8
12-08-2024,Bengaluru,25.1
13-08-2024,Bengaluru,23
14-08-2024,Bengaluru,26.3
15-08-2024,Bengaluru,22.1
16-08-2024,Bengaluru,27.5
17-08-2024,Bengaluru,18.6
18-08-2024,Bengaluru,24.5
19-08-2024,Bengaluru,31.8
20-08-2024,Bengaluru,20
21-08-2024,Bengaluru,21.3
22-08-2024,Bengaluru,26.1
23-08-2024,Bengaluru,24.7
24-08-2024,Bengaluru,25.4
25-08-2024,Bengaluru,26
26-08-2024,Bengaluru,26.5
27-08-2024,Bengaluru,28.4
28-08-2024,Bengaluru,25.6
29-08-2024,Bengaluru,23
30-08-2024,Bengaluru,26.7
31-08-2024,Bengaluru,31.6
01-09-2024,Bengaluru,23.5
02-09-2024,Bengaluru,20.1
03-09-2024,Bengaluru,28.4
04-09-2024,Bengaluru,23.5
05-09-2024,Bengaluru,15.3
06-09-2024,Bengaluru,27.4
07-09-2024,Bengaluru,21.9
08-09-2024,Bengaluru,23.6
09-09-2024,Bengaluru,25.3
10-09-2024,Bengaluru,24.8
11-09-2024,Bengaluru,26.8
12-09-2024,Bengaluru,22.3
13-09-2024,Bengaluru,26.1
14-09-2024,Bengaluru,23
15-09-2024,Bengaluru,27
16-09-2024,Bengaluru,26.5
17-09-2024,Bengaluru,20.3
18-09-2024,Bengaluru,28.3
19-09-2024,Bengaluru,21.9
20-09-2024,Bengaluru,27.2
21-09-2024,Bengaluru,25.5
22-09-2024,Bengaluru,31.4
23-09-2024,Bengaluru,23.1
24-09-2024,Bengaluru,22.6
25-09-2024,Bengaluru,23.9
26-09-2024,Bengaluru,22.8
27-09-2024,Bengaluru,27.2
28-09-2024,Bengaluru,17.5
29-09-2024,Bengaluru,19.8
30-09-2024,Bengaluru,19.7
01-10-2024,Bengaluru,27.8
02-10-2024,Bengaluru,30.8
03-10-2024,Bengaluru,23.6
04-10-2024,Bengaluru,23.3
05-10-2024,Bengaluru,24.3
06-10-2024,Bengaluru,28.6
07-10-2024,Bengaluru,20.3
08-10-2024,Bengaluru,25
09-10-2024,Bengaluru,27.9
10-10-2024,Bengaluru,26
11-10-2024,Bengaluru,24.8
12-10-2024,Bengaluru,28
13-10-2024,Bengaluru,13.2
14-10-2024,Bengaluru,26.7
15-10-2024,Bengaluru,21.4
16-10-2024,Bengaluru,16.7
17-10-2024,Bengaluru,26
18-10-2024,Bengaluru,29.5
19-10-2024,Bengaluru,23.5
20-10-2024,Bengaluru,27.8
21-10-2024,Bengaluru,30.4
22-10-2024,Bengaluru,29.3
23-10-2024,Bengaluru,30.6
24-10-2024,Bengaluru,27
25-10-2024,Bengaluru,24.3
26-10-2024,Bengaluru,17.6
27-10-2024,Bengaluru,23
28-10-2024,Bengaluru,20.6
29-10-2024,Bengaluru,32.7
30-10-2024,Bengaluru,23.3
31-10-2024,Bengaluru,24.5
01-11-2024,Bengaluru,26.2
02-11-2024,Bengaluru,24.2
03-11-2024,Bengaluru,30.8
04-11-2024,Bengaluru,21.5
05-11-2024,Bengaluru,24.8
06-11-2024,Bengaluru,21
07-11-2024,Bengaluru,18.7
08-11-2024,Bengaluru,21.6
09-11-2024,Bengaluru,23.9
10-11-2024,Bengaluru,22.3
11-11-2024,Bengaluru,21.2
12-11-2024,Bengaluru,18.4
13-11-2024,Bengaluru,23.7
14-11-2024,Bengaluru,18
15-11-2024,Bengaluru,27
16-11-2024,Bengaluru,24.3
17-11-2024,Bengaluru,18.2
18-11-2024,Bengaluru,22.8
19-11-2024,Bengaluru,21
20-11-2024,Bengaluru,25.3
21-11-2024,Bengaluru,29.4
22-11-2024,Bengaluru,16.5
23-11-2024,Bengaluru,24.5
24-11-2024,Bengaluru,23.4
25-11-2024,Bengaluru,26.7
26-11-2024,Bengaluru,24.9
27-11-2024,Bengaluru,21
28-11-2024,Bengaluru,22.7
29-11-2024,Bengaluru,20.8
30-11-2024,Bengaluru,28.3
01-12-2024,Bengaluru,24.1
02-12-2024,Bengaluru,31.6
03-12-2024,Bengaluru,23.8
04-12-2024,Bengaluru,21.2
05-12-2024,Bengaluru,17.9
06-12-2024,Bengaluru,16.8
07-12-2024,Bengaluru,17.7
08-12-2024,Bengaluru,25.1
09-12-2024,Bengaluru,26
10-12-2024,Bengaluru,17.7
11-12-2024,Bengaluru,27.6
12-12-2024,Bengaluru,22.1
13-12-2024,Bengaluru,24.6
14-12-2024,Bengaluru,30.4
15-12-2024,Bengaluru,27.6
16-12-2024,Bengaluru,22.9
17-12-2024,Bengaluru,20.4
18-12-2024,Bengaluru,15.4
19-12-2024,Bengaluru,21.1
20-12-2024,Bengaluru,23.2
21-12-2024,Bengaluru,20.1
22-12-2024,Bengaluru,23.5
23-12-2024,Bengaluru,24.3
24-12-2024,Bengaluru,23.1
25-12-2024,Bengaluru,21.4
26-12-2024,Bengaluru,24.7
27-12-2024,Bengaluru,25.8
28-12-2024,Bengaluru,19.6
29-12-2024,Bengaluru,29.6
30-12-2024,Bengaluru,23.6
31-12-2024,Bengaluru,24.1
01-01-2024,Hyderabad,30.8
02-01-2024,Hyderabad,28.9
03-01-2024,Hyderabad,31.8
04-01-2024,Hyderabad,29.1
05-01-2024,Hyderabad,25.6
06-01-2024,Hyderabad,29.4
07-01-2024,Hyderabad,23.4
08-01-2024,Hyderabad,28.4
09-01-2024,Hyderabad,27.9
10-01-2024,Hyderabad,27.2
11-01-2024,Hyderabad,27.5
12-01-2024,Hyderabad,20.5
13-01-2024,Hyderabad,25.8
14-01-2024,Hyderabad,28.4
15-01-2024,Hyderabad,28.6
16-01-2024,Hyderabad,23.9
17-01-2024,Hyderabad,33.1
18-01-2024,Hyderabad,24.5
19-01-2024,Hyderabad,31.9
20-01-2024,Hyderabad,29.7
21-01-2024,Hyderabad,25.4
22-01-2024,Hyderabad,35.1
23-01-2024,Hyderabad,23.2
24-01-2024,Hyderabad,31.7
25-01-2024,Hyderabad,32
26-01-2024,Hyderabad,25.3
27-01-2024,Hyderabad,33.6
28-01-2024,Hyderabad,27
29-01-2024,Hyderabad,29.2
30-01-2024,Hyderabad,29
31-01-2024,Hyderabad,27.5
01-02-2024,Hyderabad,31.2
02-02-2024,Hyderabad,31.2
03-02-2024,Hyderabad,21
04-02-2024,Hyderabad,33.2
05-02-2024,Hyderabad,21.4
06-02-2024,Hyderabad,32.1
07-02-2024,Hyderabad,32.5
08-02-2024,Hyderabad,23.6
09-02-2024,Hyderabad,26.4
10-02-2024,Hyderabad,23.6
11-02-2024,Hyderabad,27.1
12-02-2024,Hyderabad,26.8
13-02-2024,Hyderabad,31.1
14-02-2024,Hyderabad,33.2
15-02-2024,Hyderabad,33.6
16-02-2024,Hyderabad,25.8
17-02-2024,Hyderabad,27.2
18-02-2024,Hyderabad,21.3
19-02-2024,Hyderabad,24.8
20-02-2024,Hyderabad,31.9
21-02-2024,Hyderabad,34.5
22-02-2024,Hyderabad,23.1
23-02-2024,Hyderabad,25.6
24-02-2024,Hyderabad,27.9
25-02-2024,Hyderabad,29.1
26-02-2024,Hyderabad,24.8
27-02-2024,Hyderabad,29.7
28-02-2024,Hyderabad,26.1
29-02-2024,Hyderabad,27.9
01-03-2024,Hyderabad,30.2
02-03-2024,Hyderabad,28
03-03-2024,Hyderabad,26.3
04-03-2024,Hyderabad,27.6
05-03-2024,Hyderabad,27.6
06-03-2024,Hyderabad,26.5
07-03-2024,Hyderabad,27
08-03-2024,Hyderabad,34.4
09-03-2024,Hyderabad,30.2
10-03-2024,Hyderabad,26.8
11-03-2024,Hyderabad,30.8
12-03-2024,Hyderabad,26.7
13-03-2024,Hyderabad,32.7
14-03-2024,Hyderabad,29.5
15-03-2024,Hyderabad,27.6
16-03-2024,Hyderabad,29.8
17-03-2024,Hyderabad,21.7
18-03-2024,Hyderabad,23.5
19-03-2024,Hyderabad,23.2
20-03-2024,Hyderabad,28.6
21-03-2024,Hyderabad,34.9
22-03-2024,Hyderabad,36.9
23-03-2024,Hyderabad,30.6
24-03-2024,Hyderabad,30
25-03-2024,Hyderabad,20.8
26-03-2024,Hyderabad,25.8
27-03-2024,Hyderabad,24.8
28-03-2024,Hyderabad,25.5
29-03-2024,Hyderabad,27.3
30-03-2024,Hyderabad,26.1
31-03-2024,Hyderabad,20.1
01-04-2024,Hyderabad,31
02-04-2024,Hyderabad,23.7
03-04-2024,Hyderabad,29
04-04-2024,Hyderabad,36.3
05-04-2024,Hyderabad,24.3
06-04-2024,Hyderabad,17.9
07-04-2024,Hyderabad,26.9
08-04-2024,Hyderabad,32.4
09-04-2024,Hyderabad,35.8
10-04-2024,Hyderabad,23.1
11-04-2024,Hyderabad,30
12-04-2024,Hyderabad,26.1
13-04-2024,Hyderabad,27.6
14-04-2024,Hyderabad,38.6
15-04-2024,Hyderabad,22
16-04-2024,Hyderabad,29
17-04-2024,Hyderabad,29.9
18-04-2024,Hyderabad,32.3
19-04-2024,Hyderabad,28.4
20-04-2024,Hyderabad,29.2
21-04-2024,Hyderabad,26.4
22-04-2024,Hyderabad,29.1
23-04-2024,Hyderabad,26.6
24-04-2024,Hyderabad,30.5
25-04-2024,Hyderabad,26.5
26-04-2024,Hyderabad,29.5
27-04-2024,Hyderabad,27.9
28-04-2024,Hyderabad,32.5
29-04-2024,Hyderabad,27.8
30-04-2024,Hyderabad,20.9
01-05-2024,Hyderabad,33
02-05-2024,Hyderabad,24.4
03-05-2024,Hyderabad,25.4
04-05-2024,Hyderabad,25.6
05-05-2024,Hyderabad,33.5
06-05-2024,Hyderabad,19.5
07-05-2024,Hyderabad,40.6
08-05-2024,Hyderabad,32.2
09-05-2024,Hyderabad,28.9
10-05-2024,Hyderabad,27.8
11-05-2024,Hyderabad,29.1
12-05-2024,Hyderabad,30.1
13-05-2024,Hyderabad,30.6
14-05-2024,Hyderabad,30.2
15-05-2024,Hyderabad,28.4
16-05-2024,Hyderabad,27.2
17-05-2024,Hyderabad,27.4
18-05-2024,Hyderabad,27.2
19-05-2024,Hyderabad,32.5
20-05-2024,Hyderabad,30.4
21-05-2024,Hyderabad,16.2
22-05-2024,Hyderabad,30.6
23-05-2024,Hyderabad,28.8
24-05-2024,Hyderabad,27.9
25-05-2024,Hyderabad,26.4
26-05-2024,Hyderabad,32.5
27-05-2024,Hyderabad,31.8
28-05-2024,Hyderabad,24.9
29-05-2024,Hyderabad,29.6
30-05-2024,Hyderabad,24.1
31-05-2024,Hyderabad,22.5
01-06-2024,Hyderabad,25.5
02-06-2024,Hyderabad,31.4
03-06-2024,Hyderabad,31.8
04-06-2024,Hyderabad,30.1
05-06-2024,Hyderabad,30.9
06-06-2024,Hyderabad,30.1
07-06-2024,Hyderabad,25.4
08-06-2024,Hyderabad,29.7
09-06-2024,Hyderabad,31.2
10-06-2024,Hyderabad,31
11-06-2024,Hyderabad,32.8
12-06-2024,Hyderabad,30.8
13-06-2024,Hyderabad,29.4
14-06-2024,Hyderabad,32.3
15-06-2024,Hyderabad,27.9
16-06-2024,Hyderabad,24.5
17-06-2024,Hyderabad,27.3
18-06-2024,Hyderabad,25
19-06-2024,Hyderabad,25.3
20-06-2024,Hyderabad,27.4
21-06-2024,Hyderabad,24.8
22-06-2024,Hyderabad,26.8
23-06-2024,Hyderabad,20.4
24-06-2024,Hyderabad,28.9
25-06-2024,Hyderabad,28
26-06-2024,Hyderabad,24.7
27-06-2024,Hyderabad,30.6
28-06-2024,Hyderabad,31.8
29-06-2024,Hyderabad,21.6
30-06-2024,Hyderabad,24.9
01-07-2024,Hyderabad,24.9
02-07-2024,Hyderabad,24.2
03-07-2024,Hyderabad,31.3
04-07-2024,Hyderabad,27.2
05-07-2024,Hyderabad,26.9
06-07-2024,Hyderabad,20
07-07-2024,Hyderabad,30.5
08-07-2024,Hyderabad,23
09-07-2024,Hyderabad,28.2
10-07-2024,Hyderabad,29.1
11-07-2024,Hyderabad,33.4
12-07-2024,Hyderabad,22.8
13-07-2024,Hyderabad,15.9
14-07-2024,Hyderabad,28.7
15-07-2024,Hyderabad,35.2
16-07-2024,Hyderabad,33
17-07-2024,Hyderabad,28.8
18-07-2024,Hyderabad,26
19-07-2024,Hyderabad,31.2
20-07-2024,Hyderabad,24.1
21-07-2024,Hyderabad,29.9
22-07-2024,Hyderabad,30
23-07-2024,Hyderabad,32.2
24-07-2024,Hyderabad,39
25-07-2024,Hyderabad,29.6
26-07-2024,Hyderabad,26
27-07-2024,Hyderabad,27.9
28-07-2024,Hyderabad,20.9
29-07-2024,Hyderabad,25.2
30-07-2024,Hyderabad,26.4
31-07-2024,Hyderabad,25.9
01-08-2024,Hyderabad,28.6
02-08-2024,Hyderabad,24.7
03-08-2024,Hyderabad,32.5
04-08-2024,Hyderabad,28
05-08-2024,Hyderabad,28
06-08-2024,Hyderabad,26.7
07-08-2024,Hyderabad,28.6
08-08-2024,Hyderabad,31.3
09-08-2024,Hyderabad,24.5
10-08-2024,Hyderabad,25.4
11-08-2024,Hyderabad,26.8
12-08-2024,Hyderabad,22.6
13-08-2024,Hyderabad,24.7
14-08-2024,Hyderabad,26.1
15-08-2024,Hyderabad,31.5
16-08-2024,Hyderabad,29.1
17-08-2024,Hyderabad,28.8
18-08-2024,Hyderabad,31.4
19-08-2024,Hyderabad,27.5
20-08-2024,Hyderabad,29.6
21-08-2024,Hyderabad,27.6
22-08-2024,Hyderabad,29.1
23-08-2024,Hyderabad,25.7
24-08-2024,Hyderabad,18.2
25-08-2024,Hyderabad,27.5
26-08-2024,Hyderabad,33.7
27-08-2024,Hyderabad,31.7
28-08-2024,Hyderabad,31.9
29-08-2024,Hyderabad,32.9
30-08-2024,Hyderabad,28.4
31-08-2024,Hyderabad,28.8
01-09-2024,Hyderabad,25.5
02-09-2024,Hyderabad,26.7
03-09-2024,Hyderabad,30.5
04-09-2024,Hyderabad,32.8
05-09-2024,Hyderabad,27.4
06-09-2024,Hyderabad,26.2
07-09-2024,Hyderabad,28
08-09-2024,Hyderabad,30.4
09-09-2024,Hyderabad,22.2
10-09-2024,Hyderabad,18.8
11-09-2024,Hyderabad,25.8
12-09-2024,Hyderabad,23.1
13-09-2024,Hyderabad,26
14-09-2024,Hyderabad,27.4
15-09-2024,Hyderabad,26.2
16-09-2024,Hyderabad,33.8
17-09-2024,Hyderabad,29.3
18-09-2024,Hyderabad,29.2
19-09-2024,Hyderabad,30.5
20-09-2024,Hyderabad,23.4
21-09-2024,Hyderabad,32.2
22-09-2024,Hyderabad,27.7
23-09-2024,Hyderabad,30.7
24-09-2024,Hyderabad,23.7
25-09-2024,Hyderabad,21.8
26-09-2024,Hyderabad,31.3
27-09-2024,Hyderabad,29.5
28-09-2024,Hyderabad,24.4
29-09-2024,Hyderabad,24.5
30-09-2024,Hyderabad,32.5
01-10-2024,Hyderabad,23.2
02-10-2024,Hyderabad,34.6
03-10-2024,Hyderabad,24.4
04-10-2024,Hyderabad,30.6
05-10-2024,Hyderabad,26.7
06-10-2024,Hyderabad,30.4
07-10-2024,Hyderabad,25.8
08-10-2024,Hyderabad,27.3
09-10-2024,Hyderabad,28.2
10-10-2024,Hyderabad,24
11-10-2024,Hyderabad,31
12-10-2024,Hyderabad,25.9
13-10-2024,Hyderabad,27.1
14-10-2024,Hyderabad,24
15-10-2024,Hyderabad,17.8
16-10-2024,Hyderabad,27.2
17-10-2024,Hyderabad,37.7
18-10-2024,Hyderabad,31.1
19-10-2024,Hyderabad,27.9
20-10-2024,Hyderabad,26.9
21-10-2024,Hyderabad,28.1
22-10-2024,Hyderabad,30.2
23-10-2024,Hyderabad,23.3
24-10-2024,Hyderabad,32.5
25-10-2024,Hyderabad,30.9
26-10-2024,Hyderabad,30.9
27-10-2024,Hyderabad,29.8
28-10-2024,Hyderabad,28.1
29-10-2024,Hyderabad,30.7
30-10-2024,Hyderabad,30.4
31-10-2024,Hyderabad,26.6
01-11-2024,Hyderabad,25.7
02-11-2024,Hyderabad,28.4
03-11-2024,Hyderabad,34.2
04-11-2024,Hyderabad,23
05-11-2024,Hyderabad,22.1
06-11-2024,Hyderabad,28.7
07-11-2024,Hyderabad,28.2
08-11-2024,Hyderabad,28.7
09-11-2024,Hyderabad,29
10-11-2024,Hyderabad,27.1
11-11-2024,Hyderabad,34
12-11-2024,Hyderabad,21.6
13-11-2024,Hyderabad,24.7
14-11-2024,Hyderabad,27.6
15-11-2024,Hyderabad,21.4
16-11-2024,Hyderabad,27.3
17-11-2024,Hyderabad,34.6
18-11-2024,Hyderabad,28.1
19-11-2024,Hyderabad,28.9
20-11-2024,Hyderabad,23
21-11-2024,Hyderabad,25.5
22-11-2024,Hyderabad,26.5
23-11-2024,Hyderabad,26.7
24-11-2024,Hyderabad,33.1
25-11-2024,Hyderabad,30.2
26-11-2024,Hyderabad,23.6
27-11-2024,Hyderabad,29
28-11-2024,Hyderabad,30
29-11-2024,Hyderabad,32.6
30-11-2024,Hyderabad,34.3
01-12-2024,Hyderabad,23.9
02-12-2024,Hyderabad,24.8
03-12-2024,Hyderabad,23
04-12-2024,Hyderabad,27.1
05-12-2024,Hyderabad,29.9
06-12-2024,Hyderabad,31.9
07-12-2024,Hyderabad,27.7
08-12-2024,Hyderabad,26.7
09-12-2024,Hyderabad,28.6
10-12-2024,Hyderabad,24.7
11-12-2024,Hyderabad,36.4
12-12-2024,Hyderabad,21.6
13-12-2024,Hyderabad,28.7
14-12-2024,Hyderabad,36.1
15-12-2024,Hyderabad,28
16-12-2024,Hyderabad,27.2
17-12-2024,Hyderabad,26.6
18-12-2024,Hyderabad,27.3
19-12-2024,Hyderabad,33.5
20-12-2024,Hyderabad,19.2
21-12-2024,Hyderabad,34.1
22-12-2024,Hyderabad,22.3
23-12-2024,Hyderabad,26.9
24-12-2024,Hyderabad,26.3
25-12-2024,Hyderabad,30.4
26-12-2024,Hyderabad,21.6
27-12-2024,Hyderabad,29.8
28-12-2024,Hyderabad,36.1
29-12-2024,Hyderabad,22.5
30-12-2024,Hyderabad,28.8
31-12-2024,Hyderabad,25.4